parent,parenttype,parentfield,item_code,qty,uom,rate
QTN-DEMO-000001,Quotation,items,BIO-00171,2,Nos,3140113
QTN-DEMO-000002,Quotation,items,BIO-00454,4,Nos,2531480
QTN-DEMO-000002,Quotation,items,SVC-CMP-AUD,4,Nos,243857
QTN-DEMO-000004,Quotation,items,BIO-00115,2,Nos,2737642
QTN-DEMO-000004,Quotation,items,SVC-BIO-CMC,13,Nos,101129
QTN-DEMO-000005,Quotation,items,SVC-BIO-AMC,15,Nos,260593
QTN-DEMO-000006,Quotation,items,BIO-00058,3,Nos,2157612
QTN-DEMO-000006,Quotation,items,SVC-WASTE-GENERAL,10,Kg,187774
QTN-DEMO-000007,Quotation,items,BIO-00328,1,Nos,1851570
QTN-DEMO-000008,Quotation,items,BIO-00352,1,Nos,3473696
QTN-DEMO-000008,Quotation,items,SVC-CMP-AUD,13,Nos,221762
QTN-DEMO-000009,Quotation,items,SVC-CMP-ENV,13,Nos,39634
QTN-DEMO-000010,Quotation,items,BIO-00423,5,Nos,1958367
QTN-DEMO-000011,Quotation,items,BIO-00176,5,Nos,3061405
QTN-DEMO-000011,Quotation,items,SVC-WASTE-SHARPS,24,Kg,260134
QTN-DEMO-000012,Quotation,items,BIO-00305,3,Nos,2478206
QTN-DEMO-000012,Quotation,items,SVC-CMP-AUD,6,Nos,166499
QTN-DEMO-000013,Quotation,items,BIO-00056,5,Nos,3385248
QTN-DEMO-000014,Quotation,items,BIO-00406,1,Nos,529722
QTN-DEMO-000014,Quotation,items,SVC-WASTE-CHEMICAL,19,Kg,5096
QTN-DEMO-000015,Quotation,items,BIO-00077,4,Nos,2378248
QTN-DEMO-000015,Quotation,items,SVC-CMP-AUD,7,Nos,112825
QTN-DEMO-000016,Quotation,items,SVC-BIO-CAL,14,Nos,185493
QTN-DEMO-000017,Quotation,items,BIO-00381,5,Nos,1845326
QTN-DEMO-000018,Quotation,items,BIO-00190,5,Nos,372832
QTN-DEMO-000018,Quotation,items,SVC-INC-001,12,Kg,62513
QTN-DEMO-000019,Quotation,items,SVC-TRN-EQP,21,Nos,171790
QTN-DEMO-000020,Quotation,items,BIO-00196,4,Nos,2436393
QTN-DEMO-000020,Quotation,items,SVC-WASTE-GENERAL,16,Kg,77912
QTN-DEMO-000021,Quotation,items,BIO-00499,3,Nos,1900012
QTN-DEMO-000021,Quotation,items,SVC-WASTE-CHEMICAL,5,Kg,11083
QTN-DEMO-000022,Quotation,items,SVC-CMP-ENV,22,Nos,233974
QTN-DEMO-000023,Quotation,items,BIO-00396,4,Nos,2062722
QTN-DEMO-000024,Quotation,items,SVC-WASTE-GENERAL,15,Kg,272080
QTN-DEMO-000025,Quotation,items,BIO-00298,4,Nos,1640266
QTN-DEMO-000025,Quotation,items,SVC-TRN-WST,20,Nos,8895
QTN-DEMO-000026,Quotation,items,BIO-00442,2,Nos,3136889
QTN-DEMO-000026,Quotation,items,SVC-TRN-WST,18,Nos,197397
QTN-DEMO-000027,Quotation,items,SVC-BIO-CMC,4,Nos,257461
QTN-DEMO-000028,Quotation,items,BIO-00441,5,Nos,3298169
QTN-DEMO-000029,Quotation,items,BIO-00335,5,Nos,520970
QTN-DEMO-000029,Quotation,items,SVC-WASTE-SHARPS,22,Kg,287694
QTN-DEMO-000030,Quotation,items,BIO-00381,1,Nos,1590937
QTN-DEMO-000030,Quotation,items,SVC-WASTE-INFECTIOUS,16,Kg,243044
QTN-DEMO-000031,Quotation,items,SVC-BIO-AMC,14,Nos,190028
QTN-DEMO-000032,Quotation,items,BIO-00086,1,Nos,3065255
QTN-DEMO-000033,Quotation,items,BIO-00469,5,Nos,1242377
QTN-DEMO-000033,Quotation,items,SVC-CMP-ENV,19,Nos,93646
QTN-DEMO-000034,Quotation,items,BIO-00150,5,Nos,264496
QTN-DEMO-000034,Quotation,items,SVC-WASTE-SHARPS,5,Kg,270077
QTN-DEMO-000035,Quotation,items,SVC-WASTE-CHEMICAL,20,Kg,152310
QTN-DEMO-000036,Quotation,items,SVC-WASTE-PHARMACEUTICAL,20,Kg,96547
QTN-DEMO-000037,Quotation,items,SVC-BIO-CMC,6,Nos,141971
QTN-DEMO-000038,Quotation,items,SVC-CMP-CON,2,Nos,184751
QTN-DEMO-000039,Quotation,items,SVC-WASTE-CHEMICAL,16,Kg,221503
QTN-DEMO-000040,Quotation,items,BIO-00406,4,Nos,3195060
QTN-DEMO-000040,Quotation,items,SVC-BIO-INST,19,Nos,185919
QTN-DEMO-000042,Quotation,items,BIO-00305,4,Nos,2147461
QTN-DEMO-000042,Quotation,items,SVC-INC-001,8,Kg,204124
QTN-DEMO-000043,Quotation,items,SVC-WASTE-CHEMICAL,17,Kg,232925
QTN-DEMO-000044,Quotation,items,BIO-00476,4,Nos,1752241
QTN-DEMO-000044,Quotation,items,SVC-CMP-CON,22,Nos,26505
QTN-DEMO-000045,Quotation,items,SVC-TRN-WST,20,Nos,147915
QTN-DEMO-000046,Quotation,items,BIO-00478,1,Nos,1220990
QTN-DEMO-000046,Quotation,items,SVC-TRN-EQP,15,Nos,131771
QTN-DEMO-000048,Quotation,items,BIO-00421,2,Nos,1463948
QTN-DEMO-000048,Quotation,items,SVC-WASTE-INFECTIOUS,3,Kg,11271
QTN-DEMO-000049,Quotation,items,BIO-00054,4,Nos,1624366
QTN-DEMO-000049,Quotation,items,SVC-BIO-CAL,9,Nos,106229
QTN-DEMO-000050,Quotation,items,BIO-00048,1,Nos,2641997
QTN-DEMO-000050,Quotation,items,SVC-BIO-INST,20,Nos,68853
QTN-DEMO-000051,Quotation,items,SVC-WASTE-CHEMICAL,13,Kg,101871
QTN-DEMO-000052,Quotation,items,SVC-CMP-AUD,22,Nos,44696
QTN-DEMO-000053,Quotation,items,BIO-00142,4,Nos,3053387
QTN-DEMO-000054,Quotation,items,SVC-WASTE-SHARPS,9,Kg,37708
QTN-DEMO-000055,Quotation,items,BIO-00031,3,Nos,1260084
QTN-DEMO-000055,Quotation,items,SVC-WASTE-SHARPS,16,Kg,110208
QTN-DEMO-000056,Quotation,items,BIO-00398,4,Nos,604790
QTN-DEMO-000056,Quotation,items,SVC-TRN-WST,7,Nos,60705
QTN-DEMO-000057,Quotation,items,SVC-WASTE-SHARPS,3,Kg,136384
QTN-DEMO-000058,Quotation,items,BIO-00322,2,Nos,2888315
QTN-DEMO-000058,Quotation,items,SVC-WASTE-PATHOLOGICAL,22,Kg,209725
QTN-DEMO-000059,Quotation,items,BIO-00169,4,Nos,2560215
QTN-DEMO-000059,Quotation,items,SVC-CMP-ENV,16,Nos,233619
QTN-DEMO-000061,Quotation,items,BIO-00116,1,Nos,1762390
QTN-DEMO-000062,Quotation,items,SVC-INC-001,12,Kg,179818
QTN-DEMO-000063,Quotation,items,BIO-00029,1,Nos,1682411
QTN-DEMO-000063,Quotation,items,SVC-BIO-AMC,3,Nos,245983
QTN-DEMO-000064,Quotation,items,SVC-WASTE-GENERAL,18,Kg,25620
QTN-DEMO-000065,Quotation,items,SVC-TRN-EQP,4,Nos,193356
QTN-DEMO-000066,Quotation,items,BIO-00391,4,Nos,3234173
QTN-DEMO-000066,Quotation,items,SVC-WASTE-PATHOLOGICAL,7,Kg,18298
QTN-DEMO-000067,Quotation,items,SVC-TRN-EQP,3,Nos,288404
QTN-DEMO-000068,Quotation,items,BIO-00341,4,Nos,218863
QTN-DEMO-000068,Quotation,items,SVC-WASTE-PATHOLOGICAL,11,Kg,27447
QTN-DEMO-000069,Quotation,items,BIO-00481,5,Nos,2072544
QTN-DEMO-000070,Quotation,items,BIO-00364,2,Nos,452130
QTN-DEMO-000070,Quotation,items,SVC-WASTE-CHEMICAL,16,Kg,14994
QTN-DEMO-000071,Quotation,items,SVC-BIO-PMV,23,Nos,73439
QTN-DEMO-000072,Quotation,items,BIO-00026,3,Nos,3479006
QTN-DEMO-000072,Quotation,items,SVC-WASTE-GENERAL,19,Kg,38532
QTN-DEMO-000073,Quotation,items,SVC-BIO-PMV,3,Nos,111242
QTN-DEMO-000074,Quotation,items,BIO-00495,4,Nos,1509939
QTN-DEMO-000074,Quotation,items,SVC-INC-001,5,Kg,173605
QTN-DEMO-000075,Quotation,items,SVC-WASTE-PATHOLOGICAL,19,Kg,95936
QTN-DEMO-000076,Quotation,items,BIO-00141,2,Nos,3327395
QTN-DEMO-000076,Quotation,items,SVC-BIO-CMC,18,Nos,91510
QTN-DEMO-000077,Quotation,items,BIO-00365,1,Nos,709398
QTN-DEMO-000077,Quotation,items,SVC-TRN-EQP,6,Nos,13194
QTN-DEMO-000078,Quotation,items,BIO-00004,2,Nos,523885
QTN-DEMO-000079,Quotation,items,SVC-CMP-ENV,23,Nos,71528
QTN-DEMO-000080,Quotation,items,BIO-00139,5,Nos,2039194
QTN-DEMO-000080,Quotation,items,SVC-WASTE-GENERAL,20,Kg,24724
QTN-DEMO-000081,Quotation,items,BIO-00323,5,Nos,519187
QTN-DEMO-000081,Quotation,items,SVC-BIO-CAL,12,Nos,224564
QTN-DEMO-000082,Quotation,items,BIO-00099,1,Nos,2373815
QTN-DEMO-000083,Quotation,items,BIO-00457,5,Nos,2278780
QTN-DEMO-000083,Quotation,items,SVC-BIO-INST,9,Nos,32823
QTN-DEMO-000084,Quotation,items,BIO-00077,4,Nos,2236728
QTN-DEMO-000084,Quotation,items,SVC-WASTE-PATHOLOGICAL,2,Kg,195942
QTN-DEMO-000085,Quotation,items,BIO-00129,3,Nos,2737127
QTN-DEMO-000086,Quotation,items,BIO-00054,1,Nos,2403853
QTN-DEMO-000086,Quotation,items,SVC-WASTE-INFECTIOUS,16,Kg,274957
QTN-DEMO-000087,Quotation,items,BIO-00121,4,Nos,2635991
QTN-DEMO-000087,Quotation,items,SVC-TRN-WST,7,Nos,175752
QTN-DEMO-000088,Quotation,items,SVC-WASTE-PHARMACEUTICAL,8,Kg,221318
QTN-DEMO-000089,Quotation,items,BIO-00113,1,Nos,2125476
QTN-DEMO-000089,Quotation,items,SVC-WASTE-PATHOLOGICAL,14,Kg,80990
QTN-DEMO-000090,Quotation,items,SVC-TRN-EQP,12,Nos,76515
QTN-DEMO-000091,Quotation,items,SVC-BIO-CMS,7,Nos,181103
QTN-DEMO-000092,Quotation,items,BIO-00359,1,Nos,1326939
QTN-DEMO-000092,Quotation,items,SVC-CMP-AUD,15,Nos,224269
QTN-DEMO-000093,Quotation,items,SVC-BIO-CAL,20,Nos,87202
QTN-DEMO-000095,Quotation,items,BIO-00351,2,Nos,512699
QTN-DEMO-000095,Quotation,items,SVC-CMP-CON,16,Nos,118478
QTN-DEMO-000096,Quotation,items,BIO-00304,3,Nos,210833
QTN-DEMO-000097,Quotation,items,SVC-TRN-WST,19,Nos,121605
QTN-DEMO-000099,Quotation,items,BIO-00023,1,Nos,2124060
QTN-DEMO-000100,Quotation,items,BIO-00339,4,Nos,2160201
QTN-DEMO-000101,Quotation,items,SVC-BIO-PMV,3,Nos,297808
QTN-DEMO-000102,Quotation,items,BIO-00442,4,Nos,1064385
QTN-DEMO-000102,Quotation,items,SVC-BIO-CAL,8,Nos,52568
QTN-DEMO-000103,Quotation,items,BIO-00157,2,Nos,3099872
QTN-DEMO-000103,Quotation,items,SVC-WASTE-INFECTIOUS,15,Kg,248144
QTN-DEMO-000104,Quotation,items,BIO-00428,4,Nos,925718
QTN-DEMO-000106,Quotation,items,SVC-BIO-AMC,17,Nos,22151
QTN-DEMO-000107,Quotation,items,BIO-00139,5,Nos,2425137
QTN-DEMO-000107,Quotation,items,SVC-BIO-INST,22,Nos,47445
QTN-DEMO-000109,Quotation,items,BIO-00413,3,Nos,366269
QTN-DEMO-000109,Quotation,items,SVC-BIO-CMC,15,Nos,26429
QTN-DEMO-000110,Quotation,items,BIO-00399,5,Nos,3106454
QTN-DEMO-000110,Quotation,items,SVC-BIO-INST,5,Nos,180599
QTN-DEMO-000111,Quotation,items,BIO-00400,4,Nos,3242796
QTN-DEMO-000113,Quotation,items,SVC-BIO-CMC,9,Nos,269013
QTN-DEMO-000114,Quotation,items,BIO-00028,1,Nos,1713694
QTN-DEMO-000114,Quotation,items,SVC-CMP-ENV,17,Nos,281133
QTN-DEMO-000115,Quotation,items,BIO-00431,5,Nos,2995031
QTN-DEMO-000116,Quotation,items,BIO-00189,1,Nos,940012
QTN-DEMO-000117,Quotation,items,BIO-00268,2,Nos,1359522
QTN-DEMO-000118,Quotation,items,BIO-00142,1,Nos,3073774
QTN-DEMO-000118,Quotation,items,SVC-WASTE-CHEMICAL,7,Kg,277990
QTN-DEMO-000119,Quotation,items,BIO-00281,5,Nos,703762
QTN-DEMO-000119,Quotation,items,SVC-TRN-WST,15,Nos,16262
QTN-DEMO-000120,Quotation,items,BIO-00012,2,Nos,2329446
QTN-DEMO-000120,Quotation,items,SVC-TRN-WST,19,Nos,184721
QTN-DEMO-000121,Quotation,items,SVC-CMP-CON,18,Nos,238442
QTN-DEMO-000122,Quotation,items,BIO-00068,3,Nos,870317
QTN-DEMO-000123,Quotation,items,BIO-00148,1,Nos,772176
QTN-DEMO-000123,Quotation,items,SVC-CMP-AUD,6,Nos,89300
QTN-DEMO-000124,Quotation,items,BIO-00094,2,Nos,3120033
QTN-DEMO-000124,Quotation,items,SVC-WASTE-CHEMICAL,6,Kg,129730
QTN-DEMO-000125,Quotation,items,BIO-00163,5,Nos,680468
QTN-DEMO-000125,Quotation,items,SVC-BIO-CMC,6,Nos,112560
QTN-DEMO-000126,Quotation,items,SVC-BIO-CMC,5,Nos,200514
QTN-DEMO-000127,Quotation,items,BIO-00084,5,Nos,1414833
QTN-DEMO-000127,Quotation,items,SVC-WASTE-INFECTIOUS,13,Kg,266838
QTN-DEMO-000128,Quotation,items,BIO-00302,3,Nos,804534
QTN-DEMO-000128,Quotation,items,SVC-INC-001,17,Kg,178686
QTN-DEMO-000129,Quotation,items,SVC-BIO-CAL,19,Nos,82114
QTN-DEMO-000130,Quotation,items,BIO-00294,3,Nos,3040491
QTN-DEMO-000130,Quotation,items,SVC-CMP-ENV,2,Nos,78097
QTN-DEMO-000131,Quotation,items,BIO-00158,1,Nos,1834557
QTN-DEMO-000131,Quotation,items,SVC-BIO-PMV,15,Nos,192377
QTN-DEMO-000132,Quotation,items,BIO-00379,2,Nos,2597088
QTN-DEMO-000132,Quotation,items,SVC-BIO-CMS,7,Nos,16821
QTN-DEMO-000133,Quotation,items,BIO-00296,1,Nos,2296592
QTN-DEMO-000133,Quotation,items,SVC-CMP-ENV,11,Nos,273202
QTN-DEMO-000134,Quotation,items,SVC-WASTE-CHEMICAL,23,Kg,229206
QTN-DEMO-000135,Quotation,items,BIO-00007,3,Nos,1596700
QTN-DEMO-000135,Quotation,items,SVC-CMP-AUD,18,Nos,50926
QTN-DEMO-000136,Quotation,items,SVC-TRN-WST,15,Nos,156327
QTN-DEMO-000138,Quotation,items,SVC-WASTE-SHARPS,5,Kg,113938
QTN-DEMO-000139,Quotation,items,BIO-00336,3,Nos,427309
QTN-DEMO-000140,Quotation,items,SVC-TRN-WST,21,Nos,148303
QTN-DEMO-000141,Quotation,items,BIO-00304,5,Nos,3317721
QTN-DEMO-000142,Quotation,items,BIO-00196,3,Nos,2473086
QTN-DEMO-000142,Quotation,items,SVC-BIO-CAL,19,Nos,164338
QTN-DEMO-000143,Quotation,items,BIO-00305,2,Nos,262575
QTN-DEMO-000144,Quotation,items,BIO-00395,4,Nos,670835
QTN-DEMO-000144,Quotation,items,SVC-BIO-CAL,14,Nos,99042
QTN-DEMO-000145,Quotation,items,SVC-WASTE-INFECTIOUS,4,Kg,150341
QTN-DEMO-000146,Quotation,items,SVC-BIO-CMC,19,Nos,256912
QTN-DEMO-000147,Quotation,items,BIO-00133,4,Nos,3061874
QTN-DEMO-000148,Quotation,items,BIO-00362,1,Nos,1238577
QTN-DEMO-000148,Quotation,items,SVC-WASTE-PATHOLOGICAL,5,Kg,172604
QTN-DEMO-000149,Quotation,items,SVC-WASTE-GENERAL,2,Kg,147957
QTN-DEMO-000150,Quotation,items,BIO-00183,1,Nos,1365745
QTN-DEMO-000150,Quotation,items,SVC-WASTE-SHARPS,17,Kg,106614
QTN-DEMO-000152,Quotation,items,SVC-BIO-AMC,22,Nos,162848
QTN-DEMO-000153,Quotation,items,SVC-WASTE-PHARMACEUTICAL,18,Kg,189355
QTN-DEMO-000154,Quotation,items,BIO-00071,5,Nos,1330351
QTN-DEMO-000154,Quotation,items,SVC-CMP-ENV,14,Nos,183422
QTN-DEMO-000155,Quotation,items,BIO-00080,5,Nos,1077417
QTN-DEMO-000156,Quotation,items,SVC-CMP-CON,18,Nos,293941
QTN-DEMO-000157,Quotation,items,SVC-CMP-AUD,3,Nos,66113
QTN-DEMO-000158,Quotation,items,BIO-00009,4,Nos,1610498
QTN-DEMO-000158,Quotation,items,SVC-BIO-CMC,5,Nos,236702
QTN-DEMO-000159,Quotation,items,BIO-00176,2,Nos,3127514
QTN-DEMO-000159,Quotation,items,SVC-WASTE-PHARMACEUTICAL,8,Kg,72483
QTN-DEMO-000160,Quotation,items,SVC-BIO-CAL,5,Nos,115017
QTN-DEMO-000161,Quotation,items,SVC-WASTE-PHARMACEUTICAL,3,Kg,14859
QTN-DEMO-000162,Quotation,items,BIO-00288,1,Nos,973555
QTN-DEMO-000162,Quotation,items,SVC-CMP-CON,19,Nos,36072
QTN-DEMO-000163,Quotation,items,BIO-00130,1,Nos,427861
QTN-DEMO-000163,Quotation,items,SVC-WASTE-INFECTIOUS,4,Kg,69903
QTN-DEMO-000164,Quotation,items,BIO-00103,2,Nos,2962702
QTN-DEMO-000164,Quotation,items,SVC-WASTE-SHARPS,5,Kg,150424
QTN-DEMO-000165,Quotation,items,BIO-00083,5,Nos,3424921
QTN-DEMO-000166,Quotation,items,BIO-00035,1,Nos,2574868
QTN-DEMO-000167,Quotation,items,BIO-00099,3,Nos,870470
QTN-DEMO-000168,Quotation,items,BIO-00439,1,Nos,1047645
QTN-DEMO-000169,Quotation,items,SVC-WASTE-GENERAL,15,Kg,61268
QTN-DEMO-000171,Quotation,items,BIO-00117,4,Nos,623308
QTN-DEMO-000172,Quotation,items,BIO-00057,5,Nos,720057
QTN-DEMO-000172,Quotation,items,SVC-BIO-CMC,23,Nos,156137
QTN-DEMO-000173,Quotation,items,SVC-CMP-ENV,4,Nos,206736
QTN-DEMO-000174,Quotation,items,BIO-00444,3,Nos,3031682
QTN-DEMO-000175,Quotation,items,BIO-00276,3,Nos,1945001
QTN-DEMO-000175,Quotation,items,SVC-WASTE-SHARPS,16,Kg,197645
QTN-DEMO-000176,Quotation,items,BIO-00413,4,Nos,2968972
QTN-DEMO-000176,Quotation,items,SVC-CMP-AUD,17,Nos,49567
QTN-DEMO-000177,Quotation,items,BIO-00273,5,Nos,576653
QTN-DEMO-000178,Quotation,items,BIO-00102,3,Nos,989965
QTN-DEMO-000178,Quotation,items,SVC-TRN-EQP,4,Nos,127090
QTN-DEMO-000179,Quotation,items,BIO-00323,3,Nos,3357875
QTN-DEMO-000180,Quotation,items,BIO-00455,4,Nos,1643580
QTN-DEMO-000180,Quotation,items,SVC-TRN-EQP,16,Nos,273128
QTN-DEMO-000181,Quotation,items,BIO-00300,1,Nos,662502
QTN-DEMO-000181,Quotation,items,SVC-CMP-ENV,8,Nos,75573
QTN-DEMO-000182,Quotation,items,BIO-00028,1,Nos,2239329
QTN-DEMO-000182,Quotation,items,SVC-WASTE-GENERAL,13,Kg,176419
QTN-DEMO-000183,Quotation,items,BIO-00387,1,Nos,3338390
QTN-DEMO-000183,Quotation,items,SVC-CMP-CON,16,Nos,249329
QTN-DEMO-000184,Quotation,items,BIO-00322,4,Nos,2267262
QTN-DEMO-000184,Quotation,items,SVC-BIO-AMC,18,Nos,291586
QTN-DEMO-000185,Quotation,items,SVC-TRN-WST,4,Nos,206132
QTN-DEMO-000186,Quotation,items,BIO-00193,4,Nos,2077938
QTN-DEMO-000186,Quotation,items,SVC-WASTE-GENERAL,18,Kg,163882
QTN-DEMO-000187,Quotation,items,BIO-00288,2,Nos,1460550
QTN-DEMO-000188,Quotation,items,SVC-CMP-ENV,22,Nos,295342
QTN-DEMO-000189,Quotation,items,BIO-00308,4,Nos,2508270
QTN-DEMO-000190,Quotation,items,BIO-00135,4,Nos,2629022
QTN-DEMO-000192,Quotation,items,BIO-00015,5,Nos,339240
QTN-DEMO-000192,Quotation,items,SVC-BIO-CMC,12,Nos,19103
QTN-DEMO-000193,Quotation,items,SVC-WASTE-PHARMACEUTICAL,14,Kg,185954
QTN-DEMO-000194,Quotation,items,BIO-00029,2,Nos,1188568
QTN-DEMO-000194,Quotation,items,SVC-BIO-CAL,19,Nos,49533
QTN-DEMO-000195,Quotation,items,BIO-00157,1,Nos,1565972
QTN-DEMO-000195,Quotation,items,SVC-INC-001,11,Kg,24596
QTN-DEMO-000196,Quotation,items,SVC-CMP-CON,14,Nos,144785
QTN-DEMO-000197,Quotation,items,SVC-BIO-AMC,13,Nos,209630
QTN-DEMO-000198,Quotation,items,BIO-00481,4,Nos,569668
QTN-DEMO-000198,Quotation,items,SVC-BIO-INST,11,Nos,265430
QTN-DEMO-000199,Quotation,items,SVC-WASTE-GENERAL,20,Kg,162035
QTN-DEMO-000200,Quotation,items,SVC-WASTE-SHARPS,18,Kg,117239
QTN-DEMO-000201,Quotation,items,BIO-00153,5,Nos,1836224
QTN-DEMO-000202,Quotation,items,SVC-WASTE-PHARMACEUTICAL,19,Kg,181600
QTN-DEMO-000203,Quotation,items,BIO-00478,5,Nos,2143420
QTN-DEMO-000203,Quotation,items,SVC-BIO-CMC,3,Nos,163254
QTN-DEMO-000204,Quotation,items,SVC-INC-001,11,Kg,109897
QTN-DEMO-000205,Quotation,items,BIO-00387,5,Nos,2050978
QTN-DEMO-000205,Quotation,items,SVC-INC-001,6,Kg,14753
QTN-DEMO-000207,Quotation,items,BIO-00406,4,Nos,1273804
QTN-DEMO-000210,Quotation,items,BIO-00187,4,Nos,769681
QTN-DEMO-000210,Quotation,items,SVC-BIO-CAL,14,Nos,220094
QTN-DEMO-000212,Quotation,items,BIO-00279,3,Nos,1353952
QTN-DEMO-000212,Quotation,items,SVC-BIO-CMS,22,Nos,128800
QTN-DEMO-000213,Quotation,items,BIO-00077,2,Nos,266199
QTN-DEMO-000213,Quotation,items,SVC-BIO-CAL,15,Nos,259480
QTN-DEMO-000214,Quotation,items,SVC-WASTE-PATHOLOGICAL,7,Kg,88549
QTN-DEMO-000215,Quotation,items,BIO-00133,3,Nos,2912665
QTN-DEMO-000215,Quotation,items,SVC-WASTE-PATHOLOGICAL,24,Kg,259721
QTN-DEMO-000216,Quotation,items,BIO-00043,3,Nos,2673292
QTN-DEMO-000216,Quotation,items,SVC-WASTE-SHARPS,14,Kg,195544
QTN-DEMO-000217,Quotation,items,SVC-WASTE-CHEMICAL,8,Kg,63684
QTN-DEMO-000219,Quotation,items,SVC-CMP-CON,9,Nos,265283
QTN-DEMO-000220,Quotation,items,BIO-00063,3,Nos,1531125
QTN-DEMO-000221,Quotation,items,BIO-00451,2,Nos,1923641
QTN-DEMO-000221,Quotation,items,SVC-WASTE-PHARMACEUTICAL,6,Kg,117254
QTN-DEMO-000222,Quotation,items,BIO-00131,5,Nos,384568
QTN-DEMO-000222,Quotation,items,SVC-BIO-CMC,23,Nos,64224
QTN-DEMO-000223,Quotation,items,BIO-00311,2,Nos,1314899
QTN-DEMO-000224,Quotation,items,BIO-00434,3,Nos,1442564
QTN-DEMO-000224,Quotation,items,SVC-WASTE-PATHOLOGICAL,24,Kg,33664
QTN-DEMO-000225,Quotation,items,SVC-BIO-CMS,18,Nos,206688
QTN-DEMO-000227,Quotation,items,SVC-BIO-PMV,15,Nos,208670
QTN-DEMO-000228,Quotation,items,SVC-BIO-CMS,10,Nos,52317
QTN-DEMO-000229,Quotation,items,SVC-WASTE-GENERAL,15,Kg,171295
QTN-DEMO-000230,Quotation,items,SVC-WASTE-PATHOLOGICAL,9,Kg,46992
QTN-DEMO-000231,Quotation,items,SVC-TRN-WST,11,Nos,226441
QTN-DEMO-000232,Quotation,items,BIO-00083,3,Nos,2273720
QTN-DEMO-000232,Quotation,items,SVC-TRN-WST,20,Nos,292167
QTN-DEMO-000233,Quotation,items,BIO-00423,1,Nos,3345956
QTN-DEMO-000233,Quotation,items,SVC-WASTE-GENERAL,21,Kg,237471
QTN-DEMO-000234,Quotation,items,SVC-BIO-INST,21,Nos,165194
QTN-DEMO-000235,Quotation,items,BIO-00057,2,Nos,1196913
QTN-DEMO-000235,Quotation,items,SVC-WASTE-CHEMICAL,20,Kg,220123
QTN-DEMO-000236,Quotation,items,SVC-WASTE-CHEMICAL,9,Kg,95952
QTN-DEMO-000237,Quotation,items,BIO-00168,3,Nos,983256
QTN-DEMO-000237,Quotation,items,SVC-BIO-CMC,6,Nos,211304
QTN-DEMO-000239,Quotation,items,BIO-00012,5,Nos,2864162
QTN-DEMO-000239,Quotation,items,SVC-BIO-PMV,3,Nos,247443
QTN-DEMO-000240,Quotation,items,BIO-00087,1,Nos,1832062
QTN-DEMO-000240,Quotation,items,SVC-BIO-CMS,5,Nos,51693
QTN-DEMO-000241,Quotation,items,BIO-00358,1,Nos,209202
QTN-DEMO-000243,Quotation,items,SVC-BIO-INST,7,Nos,144566
QTN-DEMO-000244,Quotation,items,SVC-TRN-WST,7,Nos,118018
QTN-DEMO-000245,Quotation,items,BIO-00414,2,Nos,1904607
QTN-DEMO-000245,Quotation,items,SVC-WASTE-CHEMICAL,1,Kg,157144
QTN-DEMO-000246,Quotation,items,BIO-00298,2,Nos,1700373
QTN-DEMO-000246,Quotation,items,SVC-CMP-AUD,3,Nos,10410
QTN-DEMO-000247,Quotation,items,BIO-00166,4,Nos,3030867
QTN-DEMO-000247,Quotation,items,SVC-TRN-EQP,23,Nos,226926
QTN-DEMO-000248,Quotation,items,BIO-00038,1,Nos,2486227
QTN-DEMO-000248,Quotation,items,SVC-BIO-AMC,8,Nos,251904
QTN-DEMO-000250,Quotation,items,BIO-00451,1,Nos,172485
QTN-DEMO-000250,Quotation,items,SVC-TRN-EQP,10,Nos,211934
QTN-DEMO-000251,Quotation,items,BIO-00354,1,Nos,2584738
QTN-DEMO-000251,Quotation,items,SVC-WASTE-GENERAL,17,Kg,263390
QTN-DEMO-000252,Quotation,items,SVC-BIO-AMC,23,Nos,283094
QTN-DEMO-000253,Quotation,items,BIO-00060,3,Nos,335229
QTN-DEMO-000255,Quotation,items,BIO-00288,3,Nos,1254009
QTN-DEMO-000255,Quotation,items,SVC-BIO-CMS,17,Nos,169107
QTN-DEMO-000256,Quotation,items,SVC-CMP-ENV,5,Nos,296333
QTN-DEMO-000257,Quotation,items,SVC-CMP-AUD,2,Nos,104048
QTN-DEMO-000258,Quotation,items,BIO-00094,1,Nos,2122361
QTN-DEMO-000258,Quotation,items,SVC-CMP-AUD,14,Nos,65830
QTN-DEMO-000259,Quotation,items,BIO-00183,5,Nos,2185074
QTN-DEMO-000259,Quotation,items,SVC-WASTE-PHARMACEUTICAL,24,Kg,82622
QTN-DEMO-000260,Quotation,items,BIO-00105,3,Nos,907721
QTN-DEMO-000261,Quotation,items,BIO-00140,5,Nos,2931401
QTN-DEMO-000261,Quotation,items,SVC-WASTE-INFECTIOUS,17,Kg,99670
QTN-DEMO-000262,Quotation,items,SVC-CMP-ENV,22,Nos,54443
QTN-DEMO-000263,Quotation,items,BIO-00416,1,Nos,1803267
QTN-DEMO-000263,Quotation,items,SVC-WASTE-PHARMACEUTICAL,11,Kg,85622
QTN-DEMO-000264,Quotation,items,BIO-00493,4,Nos,2054446
QTN-DEMO-000264,Quotation,items,SVC-BIO-CMS,20,Nos,8043
QTN-DEMO-000265,Quotation,items,SVC-CMP-AUD,11,Nos,72801
QTN-DEMO-000267,Quotation,items,BIO-00029,1,Nos,2444939
QTN-DEMO-000268,Quotation,items,BIO-00131,2,Nos,1156969
QTN-DEMO-000269,Quotation,items,BIO-00107,2,Nos,1779499
QTN-DEMO-000271,Quotation,items,BIO-00319,4,Nos,3236543
QTN-DEMO-000272,Quotation,items,SVC-BIO-CMC,22,Nos,55390
QTN-DEMO-000273,Quotation,items,BIO-00103,4,Nos,2018320
QTN-DEMO-000274,Quotation,items,BIO-00375,4,Nos,528419
QTN-DEMO-000275,Quotation,items,BIO-00096,4,Nos,2795289
QTN-DEMO-000275,Quotation,items,SVC-WASTE-PATHOLOGICAL,17,Kg,184172
QTN-DEMO-000276,Quotation,items,SVC-WASTE-CHEMICAL,16,Kg,281445
QTN-DEMO-000277,Quotation,items,SVC-CMP-AUD,14,Nos,46514
QTN-DEMO-000278,Quotation,items,BIO-00077,2,Nos,3020220
QTN-DEMO-000279,Quotation,items,BIO-00286,3,Nos,2534611
QTN-DEMO-000279,Quotation,items,SVC-WASTE-SHARPS,2,Kg,274177
QTN-DEMO-000280,Quotation,items,BIO-00279,1,Nos,2098910
QTN-DEMO-000280,Quotation,items,SVC-BIO-CMS,12,Nos,138620
QTN-DEMO-000281,Quotation,items,BIO-00325,1,Nos,627880
QTN-DEMO-000282,Quotation,items,BIO-00094,4,Nos,339828
QTN-DEMO-000282,Quotation,items,SVC-BIO-CAL,11,Nos,243550
QTN-DEMO-000283,Quotation,items,SVC-BIO-CMS,11,Nos,103142
QTN-DEMO-000284,Quotation,items,BIO-00450,5,Nos,1237657
QTN-DEMO-000285,Quotation,items,BIO-00010,1,Nos,1806472
QTN-DEMO-000285,Quotation,items,SVC-WASTE-GENERAL,21,Kg,255148
QTN-DEMO-000287,Quotation,items,SVC-BIO-CMC,23,Nos,212092
QTN-DEMO-000288,Quotation,items,BIO-00065,2,Nos,208199
QTN-DEMO-000288,Quotation,items,SVC-WASTE-INFECTIOUS,23,Kg,103682
QTN-DEMO-000289,Quotation,items,BIO-00314,2,Nos,2875206
QTN-DEMO-000289,Quotation,items,SVC-INC-001,7,Kg,50137
QTN-DEMO-000290,Quotation,items,SVC-TRN-WST,1,Nos,66057
QTN-DEMO-000292,Quotation,items,SVC-CMP-AUD,19,Nos,132207
QTN-DEMO-000293,Quotation,items,BIO-00492,4,Nos,363583
QTN-DEMO-000293,Quotation,items,SVC-WASTE-PHARMACEUTICAL,21,Kg,231381
QTN-DEMO-000296,Quotation,items,BIO-00316,5,Nos,2628998
QTN-DEMO-000298,Quotation,items,SVC-TRN-WST,19,Nos,170596
QTN-DEMO-000299,Quotation,items,BIO-00399,4,Nos,2135323
QTN-DEMO-000299,Quotation,items,SVC-BIO-CMC,15,Nos,233710
QTN-DEMO-000300,Quotation,items,BIO-00439,2,Nos,2118137
QTN-DEMO-000300,Quotation,items,SVC-BIO-PMV,17,Nos,120187
QTN-DEMO-000301,Quotation,items,SVC-CMP-AUD,5,Nos,158822
QTN-DEMO-000303,Quotation,items,SVC-BIO-CMC,16,Nos,89948
QTN-DEMO-000304,Quotation,items,BIO-00421,1,Nos,2947837
QTN-DEMO-000304,Quotation,items,SVC-WASTE-GENERAL,7,Kg,86953
QTN-DEMO-000305,Quotation,items,BIO-00474,4,Nos,2220833
QTN-DEMO-000305,Quotation,items,SVC-BIO-INST,18,Nos,29667
QTN-DEMO-000306,Quotation,items,BIO-00134,3,Nos,2989241
QTN-DEMO-000306,Quotation,items,SVC-CMP-CON,2,Nos,38379
QTN-DEMO-000307,Quotation,items,BIO-00384,2,Nos,656202
QTN-DEMO-000307,Quotation,items,SVC-CMP-ENV,9,Nos,183427
QTN-DEMO-000308,Quotation,items,BIO-00024,5,Nos,1271939
QTN-DEMO-000309,Quotation,items,SVC-WASTE-PHARMACEUTICAL,23,Kg,31435
QTN-DEMO-000311,Quotation,items,BIO-00055,5,Nos,2707081
QTN-DEMO-000312,Quotation,items,SVC-WASTE-PHARMACEUTICAL,6,Kg,66897
QTN-DEMO-000313,Quotation,items,SVC-BIO-CAL,23,Nos,236482
QTN-DEMO-000314,Quotation,items,BIO-00443,1,Nos,797163
QTN-DEMO-000314,Quotation,items,SVC-BIO-AMC,5,Nos,69478
QTN-DEMO-000315,Quotation,items,BIO-00280,1,Nos,1178930
QTN-DEMO-000316,Quotation,items,BIO-00326,2,Nos,507496
QTN-DEMO-000316,Quotation,items,SVC-TRN-WST,12,Nos,133687
QTN-DEMO-000317,Quotation,items,SVC-BIO-PMV,5,Nos,229826
QTN-DEMO-000319,Quotation,items,BIO-00417,3,Nos,274834
QTN-DEMO-000319,Quotation,items,SVC-WASTE-INFECTIOUS,23,Kg,276239
QTN-DEMO-000320,Quotation,items,BIO-00162,4,Nos,3389565
QTN-DEMO-000320,Quotation,items,SVC-WASTE-PATHOLOGICAL,13,Kg,24447
QTN-DEMO-000321,Quotation,items,SVC-WASTE-PATHOLOGICAL,21,Kg,277513
QTN-DEMO-000322,Quotation,items,BIO-00416,5,Nos,1426423
QTN-DEMO-000323,Quotation,items,SVC-BIO-CMS,17,Nos,81997
QTN-DEMO-000324,Quotation,items,BIO-00397,2,Nos,2433485
QTN-DEMO-000324,Quotation,items,SVC-CMP-AUD,23,Nos,186010
QTN-DEMO-000325,Quotation,items,SVC-BIO-INST,10,Nos,49187
QTN-DEMO-000326,Quotation,items,BIO-00200,2,Nos,2333008
QTN-DEMO-000327,Quotation,items,BIO-00329,5,Nos,1459681
QTN-DEMO-000327,Quotation,items,SVC-WASTE-GENERAL,1,Kg,19623
QTN-DEMO-000328,Quotation,items,BIO-00133,2,Nos,3397053
QTN-DEMO-000328,Quotation,items,SVC-TRN-WST,17,Nos,62903
QTN-DEMO-000329,Quotation,items,BIO-00191,3,Nos,2779784
QTN-DEMO-000329,Quotation,items,SVC-WASTE-PHARMACEUTICAL,2,Kg,70404
QTN-DEMO-000330,Quotation,items,BIO-00445,1,Nos,2050636
QTN-DEMO-000330,Quotation,items,SVC-BIO-PMV,24,Nos,284596
QTN-DEMO-000331,Quotation,items,BIO-00180,3,Nos,1343428
QTN-DEMO-000331,Quotation,items,SVC-WASTE-CHEMICAL,23,Kg,203005
QTN-DEMO-000332,Quotation,items,SVC-CMP-CON,19,Nos,105954
QTN-DEMO-000333,Quotation,items,SVC-WASTE-CHEMICAL,23,Kg,228185
QTN-DEMO-000334,Quotation,items,BIO-00048,1,Nos,1932104
QTN-DEMO-000335,Quotation,items,BIO-00040,3,Nos,2988799
QTN-DEMO-000335,Quotation,items,SVC-INC-001,17,Kg,211979
QTN-DEMO-000336,Quotation,items,BIO-00393,4,Nos,1995829
QTN-DEMO-000336,Quotation,items,SVC-CMP-ENV,24,Nos,223587
QTN-DEMO-000337,Quotation,items,BIO-00326,2,Nos,2183249
QTN-DEMO-000338,Quotation,items,SVC-CMP-CON,4,Nos,116485
QTN-DEMO-000339,Quotation,items,BIO-00450,2,Nos,2494727
QTN-DEMO-000339,Quotation,items,SVC-WASTE-PHARMACEUTICAL,20,Kg,219234
QTN-DEMO-000340,Quotation,items,BIO-00360,3,Nos,318955
QTN-DEMO-000340,Quotation,items,SVC-WASTE-PHARMACEUTICAL,12,Kg,164868
QTN-DEMO-000341,Quotation,items,BIO-00316,1,Nos,3468548
QTN-DEMO-000341,Quotation,items,SVC-TRN-WST,2,Nos,164993
QTN-DEMO-000342,Quotation,items,BIO-00487,4,Nos,158748
QTN-DEMO-000342,Quotation,items,SVC-BIO-CMC,3,Nos,28426
QTN-DEMO-000343,Quotation,items,BIO-00159,5,Nos,2047395
QTN-DEMO-000344,Quotation,items,BIO-00495,5,Nos,707043
QTN-DEMO-000346,Quotation,items,BIO-00440,3,Nos,524614
QTN-DEMO-000347,Quotation,items,SVC-TRN-EQP,11,Nos,288636
QTN-DEMO-000349,Quotation,items,BIO-00046,2,Nos,3116247
QTN-DEMO-000349,Quotation,items,SVC-BIO-CAL,18,Nos,69897
QTN-DEMO-000350,Quotation,items,BIO-00099,5,Nos,2422617
QTN-DEMO-000350,Quotation,items,SVC-WASTE-PATHOLOGICAL,19,Kg,278549
QTN-DEMO-000351,Quotation,items,SVC-WASTE-INFECTIOUS,4,Kg,283847
QTN-DEMO-000352,Quotation,items,SVC-BIO-INST,8,Nos,237904
QTN-DEMO-000353,Quotation,items,SVC-TRN-EQP,19,Nos,28584
QTN-DEMO-000354,Quotation,items,SVC-TRN-WST,6,Nos,222546
QTN-DEMO-000355,Quotation,items,SVC-BIO-CMS,3,Nos,65106
QTN-DEMO-000356,Quotation,items,BIO-00147,2,Nos,916169
QTN-DEMO-000356,Quotation,items,SVC-WASTE-SHARPS,5,Kg,165848
QTN-DEMO-000357,Quotation,items,SVC-BIO-AMC,6,Nos,19245
QTN-DEMO-000358,Quotation,items,BIO-00200,1,Nos,1492351
QTN-DEMO-000358,Quotation,items,SVC-BIO-AMC,9,Nos,201877
QTN-DEMO-000359,Quotation,items,SVC-BIO-PMV,20,Nos,128989
QTN-DEMO-000360,Quotation,items,BIO-00326,4,Nos,632686
QTN-DEMO-000360,Quotation,items,SVC-BIO-AMC,15,Nos,294994
QTN-DEMO-000361,Quotation,items,BIO-00015,4,Nos,2807264
QTN-DEMO-000361,Quotation,items,SVC-WASTE-INFECTIOUS,9,Kg,295495
QTN-DEMO-000362,Quotation,items,SVC-INC-001,21,Kg,70835
QTN-DEMO-000363,Quotation,items,BIO-00296,1,Nos,2816734
QTN-DEMO-000363,Quotation,items,SVC-WASTE-CHEMICAL,12,Kg,288346
QTN-DEMO-000364,Quotation,items,SVC-TRN-WST,18,Nos,241842
QTN-DEMO-000365,Quotation,items,BIO-00305,5,Nos,1363200
QTN-DEMO-000365,Quotation,items,SVC-WASTE-GENERAL,1,Kg,36549
QTN-DEMO-000366,Quotation,items,BIO-00129,4,Nos,1623953
QTN-DEMO-000367,Quotation,items,BIO-00329,3,Nos,340776
QTN-DEMO-000367,Quotation,items,SVC-INC-001,19,Kg,41666
QTN-DEMO-000368,Quotation,items,BIO-00425,1,Nos,735735
QTN-DEMO-000369,Quotation,items,SVC-CMP-CON,11,Nos,184639
QTN-DEMO-000370,Quotation,items,BIO-00453,4,Nos,1295100
QTN-DEMO-000370,Quotation,items,SVC-BIO-AMC,11,Nos,115427
QTN-DEMO-000371,Quotation,items,SVC-WASTE-CHEMICAL,21,Kg,6073
QTN-DEMO-000372,Quotation,items,BIO-00005,2,Nos,1882931
QTN-DEMO-000372,Quotation,items,SVC-CMP-ENV,13,Nos,287135
QTN-DEMO-000373,Quotation,items,SVC-WASTE-SHARPS,18,Kg,21225
QTN-DEMO-000374,Quotation,items,SVC-WASTE-PHARMACEUTICAL,12,Kg,202329
QTN-DEMO-000375,Quotation,items,SVC-WASTE-INFECTIOUS,4,Kg,247584
QTN-DEMO-000376,Quotation,items,SVC-BIO-PMV,24,Nos,15371
QTN-DEMO-000377,Quotation,items,BIO-00431,3,Nos,953258
QTN-DEMO-000377,Quotation,items,SVC-BIO-CAL,23,Nos,120945
QTN-DEMO-000379,Quotation,items,BIO-00428,5,Nos,1026971
QTN-DEMO-000379,Quotation,items,SVC-TRN-EQP,4,Nos,150409
QTN-DEMO-000380,Quotation,items,BIO-00088,5,Nos,962731
QTN-DEMO-000380,Quotation,items,SVC-WASTE-GENERAL,3,Kg,72238
QTN-DEMO-000381,Quotation,items,BIO-00133,5,Nos,1106155
QTN-DEMO-000382,Quotation,items,SVC-WASTE-INFECTIOUS,23,Kg,284414
QTN-DEMO-000383,Quotation,items,BIO-00354,4,Nos,158199
QTN-DEMO-000384,Quotation,items,SVC-BIO-AMC,14,Nos,218320
QTN-DEMO-000385,Quotation,items,BIO-00333,4,Nos,2228591
QTN-DEMO-000385,Quotation,items,SVC-WASTE-PATHOLOGICAL,24,Kg,122727
QTN-DEMO-000386,Quotation,items,BIO-00283,5,Nos,2032661
QTN-DEMO-000386,Quotation,items,SVC-TRN-EQP,7,Nos,180482
QTN-DEMO-000388,Quotation,items,BIO-00421,4,Nos,462225
QTN-DEMO-000389,Quotation,items,BIO-00160,1,Nos,2775612
QTN-DEMO-000389,Quotation,items,SVC-WASTE-INFECTIOUS,16,Kg,231465
QTN-DEMO-000390,Quotation,items,BIO-00476,3,Nos,1200293
QTN-DEMO-000390,Quotation,items,SVC-CMP-ENV,8,Nos,183678
QTN-DEMO-000391,Quotation,items,BIO-00171,5,Nos,3480743
QTN-DEMO-000391,Quotation,items,SVC-WASTE-SHARPS,20,Kg,234915
QTN-DEMO-000392,Quotation,items,BIO-00296,5,Nos,673559
QTN-DEMO-000392,Quotation,items,SVC-WASTE-PATHOLOGICAL,2,Kg,202863
QTN-DEMO-000393,Quotation,items,SVC-WASTE-CHEMICAL,2,Kg,236692
QTN-DEMO-000394,Quotation,items,BIO-00388,4,Nos,425944
QTN-DEMO-000394,Quotation,items,SVC-WASTE-PATHOLOGICAL,18,Kg,32369
QTN-DEMO-000395,Quotation,items,SVC-TRN-WST,8,Nos,10560
QTN-DEMO-000396,Quotation,items,BIO-00475,4,Nos,2751352
QTN-DEMO-000396,Quotation,items,SVC-BIO-AMC,21,Nos,18616
QTN-DEMO-000397,Quotation,items,BIO-00368,2,Nos,603012
QTN-DEMO-000397,Quotation,items,SVC-WASTE-SHARPS,19,Kg,106509
QTN-DEMO-000398,Quotation,items,BIO-00328,3,Nos,1640618
QTN-DEMO-000398,Quotation,items,SVC-CMP-AUD,6,Nos,132481
QTN-DEMO-000399,Quotation,items,SVC-BIO-CAL,19,Nos,233509
QTN-DEMO-000401,Quotation,items,BIO-00345,2,Nos,768278
QTN-DEMO-000401,Quotation,items,SVC-BIO-AMC,10,Nos,198373
QTN-DEMO-000402,Quotation,items,BIO-00404,2,Nos,390407
QTN-DEMO-000402,Quotation,items,SVC-INC-001,2,Kg,226281
QTN-DEMO-000403,Quotation,items,BIO-00103,2,Nos,3443635
QTN-DEMO-000403,Quotation,items,SVC-BIO-INST,22,Nos,254416
QTN-DEMO-000404,Quotation,items,SVC-BIO-AMC,19,Nos,180982
QTN-DEMO-000405,Quotation,items,BIO-00169,2,Nos,589763
QTN-DEMO-000405,Quotation,items,SVC-WASTE-PATHOLOGICAL,16,Kg,120031
QTN-DEMO-000406,Quotation,items,SVC-CMP-AUD,20,Nos,116745
QTN-DEMO-000407,Quotation,items,BIO-00461,3,Nos,3254126
QTN-DEMO-000407,Quotation,items,SVC-TRN-EQP,6,Nos,8526
QTN-DEMO-000408,Quotation,items,BIO-00184,1,Nos,2476545
QTN-DEMO-000408,Quotation,items,SVC-BIO-CAL,15,Nos,106923
QTN-DEMO-000409,Quotation,items,BIO-00459,3,Nos,334150
QTN-DEMO-000410,Quotation,items,BIO-00090,2,Nos,1248902
QTN-DEMO-000411,Quotation,items,SVC-BIO-INST,1,Nos,97315
QTN-DEMO-000412,Quotation,items,BIO-00052,1,Nos,2991441
QTN-DEMO-000412,Quotation,items,SVC-WASTE-PHARMACEUTICAL,11,Kg,115224
QTN-DEMO-000413,Quotation,items,BIO-00190,3,Nos,2922052
QTN-DEMO-000413,Quotation,items,SVC-CMP-CON,20,Nos,232393
QTN-DEMO-000414,Quotation,items,BIO-00074,2,Nos,3484044
QTN-DEMO-000414,Quotation,items,SVC-INC-001,13,Kg,201217
QTN-DEMO-000415,Quotation,items,BIO-00393,2,Nos,343756
QTN-DEMO-000416,Quotation,items,BIO-00342,3,Nos,3461771
QTN-DEMO-000416,Quotation,items,SVC-BIO-PMV,2,Nos,151839
QTN-DEMO-000418,Quotation,items,BIO-00042,4,Nos,3467682
QTN-DEMO-000418,Quotation,items,SVC-WASTE-SHARPS,6,Kg,271660
QTN-DEMO-000419,Quotation,items,SVC-CMP-CON,12,Nos,266403
QTN-DEMO-000420,Quotation,items,BIO-00165,3,Nos,2354004
QTN-DEMO-000420,Quotation,items,SVC-CMP-ENV,16,Nos,145685
QTN-DEMO-000421,Quotation,items,BIO-00472,5,Nos,2875195
QTN-DEMO-000421,Quotation,items,SVC-BIO-PMV,7,Nos,242020
QTN-DEMO-000422,Quotation,items,BIO-00157,4,Nos,1731600
QTN-DEMO-000422,Quotation,items,SVC-BIO-CMC,9,Nos,293647
QTN-DEMO-000423,Quotation,items,BIO-00044,3,Nos,2014390
QTN-DEMO-000423,Quotation,items,SVC-BIO-PMV,19,Nos,26570
QTN-DEMO-000424,Quotation,items,BIO-00173,4,Nos,2042265
QTN-DEMO-000424,Quotation,items,SVC-TRN-WST,12,Nos,265855
QTN-DEMO-000425,Quotation,items,BIO-00013,2,Nos,2002575
QTN-DEMO-000425,Quotation,items,SVC-WASTE-SHARPS,12,Kg,48211
QTN-DEMO-000426,Quotation,items,SVC-WASTE-SHARPS,9,Kg,124402
QTN-DEMO-000427,Quotation,items,BIO-00185,1,Nos,2440199
QTN-DEMO-000427,Quotation,items,SVC-BIO-INST,22,Nos,177617
QTN-DEMO-000428,Quotation,items,BIO-00485,3,Nos,949612
QTN-DEMO-000430,Quotation,items,BIO-00134,1,Nos,3379933
QTN-DEMO-000430,Quotation,items,SVC-BIO-CMC,13,Nos,217734
QTN-DEMO-000431,Quotation,items,BIO-00403,1,Nos,2129728
QTN-DEMO-000431,Quotation,items,SVC-WASTE-CHEMICAL,13,Kg,124316
QTN-DEMO-000432,Quotation,items,SVC-BIO-PMV,17,Nos,294729
QTN-DEMO-000433,Quotation,items,BIO-00484,4,Nos,1578829
QTN-DEMO-000434,Quotation,items,SVC-TRN-WST,7,Nos,234995
QTN-DEMO-000435,Quotation,items,SVC-WASTE-CHEMICAL,19,Kg,72290
QTN-DEMO-000436,Quotation,items,SVC-BIO-CMC,11,Nos,123222
QTN-DEMO-000437,Quotation,items,BIO-00453,4,Nos,3349589
QTN-DEMO-000438,Quotation,items,BIO-00368,1,Nos,2530592
QTN-DEMO-000439,Quotation,items,BIO-00170,5,Nos,2791737
QTN-DEMO-000440,Quotation,items,BIO-00268,4,Nos,1006496
QTN-DEMO-000441,Quotation,items,BIO-00097,4,Nos,605662
QTN-DEMO-000441,Quotation,items,SVC-CMP-AUD,21,Nos,164721
QTN-DEMO-000442,Quotation,items,BIO-00413,5,Nos,895059
QTN-DEMO-000442,Quotation,items,SVC-CMP-ENV,1,Nos,102880
QTN-DEMO-000443,Quotation,items,BIO-00198,3,Nos,1013574
QTN-DEMO-000443,Quotation,items,SVC-CMP-CON,3,Nos,243374
QTN-DEMO-000444,Quotation,items,BIO-00006,2,Nos,1520581
QTN-DEMO-000445,Quotation,items,BIO-00057,2,Nos,2400047
QTN-DEMO-000445,Quotation,items,SVC-WASTE-SHARPS,13,Kg,113254
QTN-DEMO-000446,Quotation,items,SVC-CMP-ENV,6,Nos,167693
QTN-DEMO-000447,Quotation,items,BIO-00434,4,Nos,1305283
QTN-DEMO-000447,Quotation,items,SVC-WASTE-CHEMICAL,15,Kg,38538
QTN-DEMO-000448,Quotation,items,BIO-00481,2,Nos,2355602
QTN-DEMO-000448,Quotation,items,SVC-CMP-ENV,15,Nos,247585
QTN-DEMO-000449,Quotation,items,BIO-00047,3,Nos,2860775
QTN-DEMO-000450,Quotation,items,BIO-00499,3,Nos,1790351
QTN-DEMO-000450,Quotation,items,SVC-WASTE-GENERAL,14,Kg,135618
QTN-DEMO-000452,Quotation,items,BIO-00405,2,Nos,3079813
QTN-DEMO-000452,Quotation,items,SVC-TRN-EQP,23,Nos,27892
QTN-DEMO-000453,Quotation,items,SVC-INC-001,10,Kg,39993
QTN-DEMO-000455,Quotation,items,BIO-00458,5,Nos,658478
QTN-DEMO-000456,Quotation,items,SVC-BIO-AMC,14,Nos,241420
QTN-DEMO-000457,Quotation,items,BIO-00327,1,Nos,2088470
QTN-DEMO-000457,Quotation,items,SVC-CMP-AUD,13,Nos,185175
QTN-DEMO-000458,Quotation,items,BIO-00100,4,Nos,308438
QTN-DEMO-000458,Quotation,items,SVC-WASTE-PHARMACEUTICAL,23,Kg,76555
QTN-DEMO-000459,Quotation,items,SVC-CMP-AUD,3,Nos,48279
QTN-DEMO-000461,Quotation,items,BIO-00488,3,Nos,826820
QTN-DEMO-000461,Quotation,items,SVC-WASTE-INFECTIOUS,20,Kg,57698
QTN-DEMO-000462,Quotation,items,BIO-00341,4,Nos,856544
QTN-DEMO-000462,Quotation,items,SVC-WASTE-INFECTIOUS,22,Kg,148262
QTN-DEMO-000463,Quotation,items,BIO-00092,2,Nos,3146462
QTN-DEMO-000463,Quotation,items,SVC-INC-001,7,Kg,236765
QTN-DEMO-000464,Quotation,items,BIO-00393,5,Nos,2838599
QTN-DEMO-000464,Quotation,items,SVC-WASTE-PHARMACEUTICAL,13,Kg,166650
QTN-DEMO-000465,Quotation,items,BIO-00003,1,Nos,3389721
QTN-DEMO-000465,Quotation,items,SVC-BIO-INST,8,Nos,201421
QTN-DEMO-000466,Quotation,items,BIO-00009,4,Nos,267206
QTN-DEMO-000467,Quotation,items,SVC-WASTE-SHARPS,8,Kg,55647
QTN-DEMO-000468,Quotation,items,SVC-WASTE-GENERAL,2,Kg,222936
QTN-DEMO-000469,Quotation,items,BIO-00168,3,Nos,2507425
QTN-DEMO-000469,Quotation,items,SVC-BIO-INST,18,Nos,212127
QTN-DEMO-000470,Quotation,items,BIO-00110,1,Nos,1645589
QTN-DEMO-000470,Quotation,items,SVC-WASTE-INFECTIOUS,13,Kg,170800
QTN-DEMO-000471,Quotation,items,BIO-00302,2,Nos,426892
QTN-DEMO-000471,Quotation,items,SVC-BIO-CMS,21,Nos,198451
QTN-DEMO-000472,Quotation,items,BIO-00112,4,Nos,1414726
QTN-DEMO-000473,Quotation,items,SVC-INC-001,19,Kg,94893
QTN-DEMO-000474,Quotation,items,SVC-TRN-EQP,22,Nos,74694
QTN-DEMO-000475,Quotation,items,BIO-00457,3,Nos,2944960
QTN-DEMO-000475,Quotation,items,SVC-BIO-AMC,1,Nos,240358
QTN-DEMO-000476,Quotation,items,BIO-00447,2,Nos,2261496
QTN-DEMO-000476,Quotation,items,SVC-WASTE-INFECTIOUS,8,Kg,16121
QTN-DEMO-000477,Quotation,items,SVC-BIO-PMV,24,Nos,229656
QTN-DEMO-000478,Quotation,items,BIO-00041,1,Nos,726949
QTN-DEMO-000478,Quotation,items,SVC-BIO-CAL,7,Nos,84519
QTN-DEMO-000479,Quotation,items,BIO-00020,2,Nos,3192164
QTN-DEMO-000479,Quotation,items,SVC-CMP-AUD,24,Nos,177328
QTN-DEMO-000480,Quotation,items,BIO-00397,1,Nos,2334699
QTN-DEMO-000481,Quotation,items,SVC-WASTE-INFECTIOUS,8,Kg,178681
QTN-DEMO-000482,Quotation,items,BIO-00344,1,Nos,2939237
QTN-DEMO-000484,Quotation,items,SVC-WASTE-GENERAL,15,Kg,8168
QTN-DEMO-000485,Quotation,items,SVC-BIO-INST,2,Nos,79203
QTN-DEMO-000486,Quotation,items,BIO-00089,5,Nos,2452031
QTN-DEMO-000487,Quotation,items,BIO-00041,4,Nos,3190824
QTN-DEMO-000487,Quotation,items,SVC-WASTE-GENERAL,24,Kg,108565
QTN-DEMO-000488,Quotation,items,BIO-00378,2,Nos,1421296
QTN-DEMO-000488,Quotation,items,SVC-CMP-AUD,21,Nos,110592
QTN-DEMO-000489,Quotation,items,SVC-BIO-CMC,13,Nos,203032
QTN-DEMO-000490,Quotation,items,BIO-00284,5,Nos,2705984
QTN-DEMO-000491,Quotation,items,BIO-00474,4,Nos,233093
QTN-DEMO-000493,Quotation,items,BIO-00079,5,Nos,3197783
QTN-DEMO-000493,Quotation,items,SVC-TRN-EQP,15,Nos,165352
QTN-DEMO-000494,Quotation,items,BIO-00355,5,Nos,2166807
QTN-DEMO-000494,Quotation,items,SVC-WASTE-CHEMICAL,23,Kg,251026
QTN-DEMO-000495,Quotation,items,BIO-00098,1,Nos,203830
QTN-DEMO-000496,Quotation,items,SVC-TRN-WST,13,Nos,200635
QTN-DEMO-000497,Quotation,items,BIO-00396,5,Nos,448778
QTN-DEMO-000497,Quotation,items,SVC-WASTE-PATHOLOGICAL,4,Kg,206759
QTN-DEMO-000498,Quotation,items,BIO-00458,4,Nos,1220631
QTN-DEMO-000499,Quotation,items,SVC-CMP-ENV,21,Nos,198032
QTN-DEMO-000500,Quotation,items,BIO-00198,4,Nos,3235599
QTN-DEMO-000500,Quotation,items,SVC-CMP-ENV,2,Nos,194485
QTN-DEMO-000501,Quotation,items,SVC-WASTE-CHEMICAL,9,Kg,243797
QTN-DEMO-000502,Quotation,items,BIO-00127,5,Nos,2575741
QTN-DEMO-000503,Quotation,items,BIO-00060,1,Nos,2852798
QTN-DEMO-000504,Quotation,items,BIO-00368,1,Nos,2324901
QTN-DEMO-000505,Quotation,items,BIO-00286,3,Nos,3051773
QTN-DEMO-000505,Quotation,items,SVC-INC-001,22,Kg,205691
QTN-DEMO-000506,Quotation,items,BIO-00278,1,Nos,608328
QTN-DEMO-000506,Quotation,items,SVC-BIO-CMC,5,Nos,146044
QTN-DEMO-000507,Quotation,items,BIO-00451,4,Nos,3081856
QTN-DEMO-000507,Quotation,items,SVC-WASTE-GENERAL,16,Kg,5827
QTN-DEMO-000508,Quotation,items,BIO-00424,4,Nos,2351850
QTN-DEMO-000508,Quotation,items,SVC-BIO-CAL,24,Nos,230941
QTN-DEMO-000509,Quotation,items,BIO-00096,2,Nos,980558
QTN-DEMO-000509,Quotation,items,SVC-CMP-CON,4,Nos,241276
QTN-DEMO-000510,Quotation,items,SVC-WASTE-PATHOLOGICAL,24,Kg,100802
QTN-DEMO-000511,Quotation,items,SVC-TRN-WST,15,Nos,62249
QTN-DEMO-000512,Quotation,items,BIO-00151,1,Nos,1734308
QTN-DEMO-000512,Quotation,items,SVC-WASTE-SHARPS,11,Kg,20553
QTN-DEMO-000513,Quotation,items,BIO-00316,1,Nos,189873
QTN-DEMO-000513,Quotation,items,SVC-WASTE-INFECTIOUS,22,Kg,26946
QTN-DEMO-000514,Quotation,items,BIO-00473,1,Nos,1725656
QTN-DEMO-000514,Quotation,items,SVC-BIO-CMS,16,Nos,253109
QTN-DEMO-000515,Quotation,items,BIO-00287,3,Nos,1705185
QTN-DEMO-000515,Quotation,items,SVC-BIO-AMC,11,Nos,130617
QTN-DEMO-000516,Quotation,items,SVC-WASTE-PATHOLOGICAL,12,Kg,178148
QTN-DEMO-000517,Quotation,items,BIO-00301,4,Nos,3191793
QTN-DEMO-000518,Quotation,items,BIO-00063,5,Nos,1322171
QTN-DEMO-000519,Quotation,items,SVC-CMP-ENV,17,Nos,221597
QTN-DEMO-000520,Quotation,items,BIO-00394,3,Nos,219752
QTN-DEMO-000520,Quotation,items,SVC-WASTE-PATHOLOGICAL,24,Kg,175668
QTN-DEMO-000521,Quotation,items,BIO-00378,4,Nos,1828414
QTN-DEMO-000522,Quotation,items,BIO-00287,4,Nos,2911273
QTN-DEMO-000523,Quotation,items,SVC-BIO-INST,23,Nos,80057
QTN-DEMO-000525,Quotation,items,BIO-00066,4,Nos,3492108
QTN-DEMO-000525,Quotation,items,SVC-INC-001,15,Kg,93108
QTN-DEMO-000526,Quotation,items,SVC-INC-001,8,Kg,132588
QTN-DEMO-000527,Quotation,items,BIO-00405,1,Nos,592371
QTN-DEMO-000527,Quotation,items,SVC-WASTE-INFECTIOUS,6,Kg,176180
QTN-DEMO-000528,Quotation,items,SVC-BIO-CMS,22,Nos,254719
QTN-DEMO-000529,Quotation,items,BIO-00070,5,Nos,2807293
QTN-DEMO-000530,Quotation,items,SVC-BIO-PMV,19,Nos,38904
QTN-DEMO-000531,Quotation,items,BIO-00435,4,Nos,2892737
QTN-DEMO-000531,Quotation,items,SVC-INC-001,14,Kg,127351
QTN-DEMO-000532,Quotation,items,BIO-00149,1,Nos,617172
QTN-DEMO-000532,Quotation,items,SVC-BIO-INST,24,Nos,65873
QTN-DEMO-000533,Quotation,items,BIO-00161,4,Nos,2569764
QTN-DEMO-000534,Quotation,items,BIO-00342,2,Nos,1778000
QTN-DEMO-000536,Quotation,items,BIO-00407,5,Nos,2627894
QTN-DEMO-000536,Quotation,items,SVC-TRN-EQP,1,Nos,287220
QTN-DEMO-000537,Quotation,items,BIO-00075,3,Nos,1068150
QTN-DEMO-000537,Quotation,items,SVC-CMP-AUD,5,Nos,153579
QTN-DEMO-000539,Quotation,items,SVC-BIO-CAL,17,Nos,69730
QTN-DEMO-000541,Quotation,items,SVC-BIO-CAL,23,Nos,202503
QTN-DEMO-000542,Quotation,items,SVC-BIO-INST,24,Nos,123002
QTN-DEMO-000544,Quotation,items,BIO-00317,4,Nos,1404523
QTN-DEMO-000545,Quotation,items,SVC-WASTE-INFECTIOUS,18,Kg,210670
QTN-DEMO-000546,Quotation,items,BIO-00310,3,Nos,3328083
QTN-DEMO-000546,Quotation,items,SVC-WASTE-SHARPS,17,Kg,153394
QTN-DEMO-000547,Quotation,items,SVC-INC-001,13,Kg,56023
QTN-DEMO-000548,Quotation,items,BIO-00473,5,Nos,377009
QTN-DEMO-000549,Quotation,items,BIO-00403,2,Nos,2570773
QTN-DEMO-000549,Quotation,items,SVC-CMP-ENV,10,Nos,80928
QTN-DEMO-000550,Quotation,items,BIO-00451,2,Nos,3234150
QTN-DEMO-000550,Quotation,items,SVC-BIO-CMC,24,Nos,58450
QTN-DEMO-000552,Quotation,items,SVC-WASTE-GENERAL,2,Kg,55356
QTN-DEMO-000553,Quotation,items,SVC-WASTE-PATHOLOGICAL,4,Kg,275236
QTN-DEMO-000554,Quotation,items,BIO-00290,2,Nos,2779713
QTN-DEMO-000555,Quotation,items,BIO-00124,4,Nos,2199445
QTN-DEMO-000555,Quotation,items,SVC-WASTE-GENERAL,21,Kg,201802
QTN-DEMO-000557,Quotation,items,BIO-00305,4,Nos,1304339
QTN-DEMO-000557,Quotation,items,SVC-CMP-AUD,12,Nos,11083
QTN-DEMO-000558,Quotation,items,BIO-00063,4,Nos,2840265
QTN-DEMO-000558,Quotation,items,SVC-CMP-CON,8,Nos,17072
QTN-DEMO-000559,Quotation,items,BIO-00361,4,Nos,1298085
QTN-DEMO-000559,Quotation,items,SVC-WASTE-PHARMACEUTICAL,19,Kg,99946
QTN-DEMO-000560,Quotation,items,BIO-00398,4,Nos,1401426
QTN-DEMO-000560,Quotation,items,SVC-WASTE-PHARMACEUTICAL,11,Kg,38291
QTN-DEMO-000562,Quotation,items,BIO-00426,1,Nos,1801702
QTN-DEMO-000562,Quotation,items,SVC-INC-001,17,Kg,261147
QTN-DEMO-000563,Quotation,items,BIO-00367,5,Nos,3143680
QTN-DEMO-000564,Quotation,items,BIO-00453,2,Nos,2912294
QTN-DEMO-000565,Quotation,items,SVC-WASTE-INFECTIOUS,18,Kg,239478
QTN-DEMO-000566,Quotation,items,BIO-00021,2,Nos,2562064
QTN-DEMO-000566,Quotation,items,SVC-WASTE-GENERAL,3,Kg,299910
QTN-DEMO-000567,Quotation,items,SVC-WASTE-PHARMACEUTICAL,17,Kg,161540
QTN-DEMO-000568,Quotation,items,SVC-WASTE-INFECTIOUS,8,Kg,162600
QTN-DEMO-000569,Quotation,items,SVC-BIO-CAL,22,Nos,285023
QTN-DEMO-000570,Quotation,items,BIO-00319,3,Nos,2342221
QTN-DEMO-000571,Quotation,items,SVC-WASTE-PHARMACEUTICAL,22,Kg,28454
QTN-DEMO-000572,Quotation,items,BIO-00073,3,Nos,1052668
QTN-DEMO-000573,Quotation,items,BIO-00370,3,Nos,1313481
QTN-DEMO-000573,Quotation,items,SVC-TRN-WST,3,Nos,293279
QTN-DEMO-000574,Quotation,items,BIO-00400,2,Nos,1827970
QTN-DEMO-000574,Quotation,items,SVC-BIO-CMS,22,Nos,228002
QTN-DEMO-000575,Quotation,items,BIO-00105,1,Nos,2790600
QTN-DEMO-000576,Quotation,items,SVC-BIO-CMC,19,Nos,273135
QTN-DEMO-000577,Quotation,items,BIO-00488,2,Nos,1476911
QTN-DEMO-000578,Quotation,items,BIO-00377,2,Nos,475161
QTN-DEMO-000578,Quotation,items,SVC-INC-001,4,Kg,292503
QTN-DEMO-000579,Quotation,items,BIO-00395,1,Nos,1671775
QTN-DEMO-000580,Quotation,items,BIO-00476,2,Nos,1297757
QTN-DEMO-000580,Quotation,items,SVC-TRN-EQP,8,Nos,203512
QTN-DEMO-000581,Quotation,items,SVC-CMP-CON,24,Nos,165720
QTN-DEMO-000582,Quotation,items,SVC-CMP-CON,12,Nos,152847
QTN-DEMO-000583,Quotation,items,BIO-00051,1,Nos,866166
QTN-DEMO-000583,Quotation,items,SVC-TRN-EQP,6,Nos,185970
QTN-DEMO-000585,Quotation,items,BIO-00274,4,Nos,2634328
QTN-DEMO-000585,Quotation,items,SVC-WASTE-INFECTIOUS,22,Kg,274256
QTN-DEMO-000586,Quotation,items,BIO-00065,2,Nos,1738805
QTN-DEMO-000586,Quotation,items,SVC-BIO-CMS,2,Nos,199065
QTN-DEMO-000587,Quotation,items,SVC-TRN-WST,23,Nos,245012
QTN-DEMO-000588,Quotation,items,BIO-00182,4,Nos,2256502
QTN-DEMO-000588,Quotation,items,SVC-TRN-WST,17,Nos,124938
QTN-DEMO-000589,Quotation,items,SVC-BIO-CAL,14,Nos,168964
QTN-DEMO-000590,Quotation,items,BIO-00041,1,Nos,3211644
QTN-DEMO-000590,Quotation,items,SVC-WASTE-SHARPS,6,Kg,35100
QTN-DEMO-000591,Quotation,items,SVC-CMP-ENV,1,Nos,227289
QTN-DEMO-000592,Quotation,items,BIO-00442,2,Nos,2161822
QTN-DEMO-000592,Quotation,items,SVC-INC-001,23,Kg,70374
QTN-DEMO-000593,Quotation,items,BIO-00098,1,Nos,3145404
QTN-DEMO-000593,Quotation,items,SVC-INC-001,24,Kg,185911
QTN-DEMO-000594,Quotation,items,SVC-CMP-CON,22,Nos,27206
QTN-DEMO-000595,Quotation,items,BIO-00087,5,Nos,1094006
QTN-DEMO-000595,Quotation,items,SVC-BIO-CMC,5,Nos,274318
QTN-DEMO-000596,Quotation,items,SVC-TRN-EQP,6,Nos,200708
QTN-DEMO-000597,Quotation,items,BIO-00415,2,Nos,2411231
QTN-DEMO-000598,Quotation,items,BIO-00154,4,Nos,1381217
QTN-DEMO-000598,Quotation,items,SVC-WASTE-INFECTIOUS,24,Kg,211371
QTN-DEMO-000600,Quotation,items,BIO-00019,4,Nos,2741025
